CHROM	qtl	start	end	length	nSNPs	avgSNPs_Mb	peakDeltaSNP	avgDeltaSNP	maxGprime	meanGprime	sdGprime	AUCaT	meanPval	meanQval
C6	1	19202984	35768170	16565186	127897	7721	-0.0746804450329621	-0.0183426948205063	8.71737726663516	5.68305432626994	1.42727617762135	41804684.2592587	7.45290381138159e-06	0.000216255092223327
C6	2	37604963	39819004	2214041	20124	9089	-0.0860468952669704	-0.0801293036358644	4.03657581943925	3.87241551377897	0.137755503363897	1309908.25835718	2.59469266450766e-05	0.000782187964506921
C9	1	53911316	54678822	767506	9158	11932	0.0298762896536517	0.0242366430648392	4.36443190072005	3.87956455902322	0.292691822292764	437552.760870058	4.90714410468666e-05	0.00138188210246965
