CHROM	qtl	start	end	length	nSNPs	avgSNPs_Mb	peakDeltaSNP	avgDeltaSNP	maxGprime	meanGprime	sdGprime	AUCaT	meanPval	meanQval
C3	1	22254426	22851431	597005	8465	14179	0.0698824375565193	0.0674362517380964	3.61204821579063	3.56588183264211	0.0268196518321542	29982.7523192293	0.000337742402257317	0.00814212110773779
C4	1	405898	4064263	3658365	37080	10136	0.0225826694472586	0.0103045172189817	4.54764938661941	4.15309398056153	0.302605528636419	2382400.30086403	4.77188715924618e-05	0.00136556714673563
C6	1	37359034	39818908	2459874	21960	8927	0.100765649214723	0.0883110472777065	6.03695140823629	5.46068562591259	0.658616907780649	4790333.74559853	1.17950848228639e-05	0.000321857307095487
C8	1	1920257	3381944	1461687	14428	9871	-0.0310496410069448	-0.0287981280689716	3.62910259364072	3.59407453557719	0.0231588487037062	110674.090975981	0.00028844315468168	0.00730663823443248
C8	2	4190444	7353208	3162764	15584	4927	-0.0585577922817044	-0.00387977361535326	5.25908505204091	4.35150030823921	0.448212017024961	3025746.8119212	4.44074283142963e-05	0.00122319533951644
C8	3	9876538	17068322	7191784	46209	6425	0.0681967700150601	0.0205192488821556	7.28820946387372	5.24530524538069	0.911359119272582	12906127.257115	2.05707782007741e-05	0.000545608706743627
C8	4	17867860	18647583	779723	6753	8661	-0.0385363785935581	-0.0271803484410809	4.07767760051939	3.83093237301458	0.161490414257284	219957.732005983	0.000114709047188918	0.00312972817965025
C9	1	45264586	46653987	1389401	14684	10569	0.0117771970888883	0.00722299093469746	4.13132158625407	3.98214271871546	0.156678519406158	581465.153421341	5.16069518224111e-05	0.00156049599807114
C9	2	52922215	54679258	1757043	17842	10155	0.0852490017498861	0.0779802765313527	4.68146533395048	4.38373635393354	0.302723626833687	1502741.16678302	2.42684552632762e-05	0.00072136506459387
